[{"model": "auth.permission", "pk": 1, "fields": {"name": "Can add log entry", "content_type": 1, "codename": "add_logentry"}}, {"model": "auth.permission", "pk": 2, "fields": {"name": "Can change log entry", "content_type": 1, "codename": "change_logentry"}}, {"model": "auth.permission", "pk": 3, "fields": {"name": "Can delete log entry", "content_type": 1, "codename": "delete_logentry"}}, {"model": "auth.permission", "pk": 4, "fields": {"name": "Can view log entry", "content_type": 1, "codename": "view_logentry"}}, {"model": "auth.permission", "pk": 5, "fields": {"name": "Can add permission", "content_type": 2, "codename": "add_permission"}}, {"model": "auth.permission", "pk": 6, "fields": {"name": "Can change permission", "content_type": 2, "codename": "change_permission"}}, {"model": "auth.permission", "pk": 7, "fields": {"name": "Can delete permission", "content_type": 2, "codename": "delete_permission"}}, {"model": "auth.permission", "pk": 8, "fields": {"name": "Can view permission", "content_type": 2, "codename": "view_permission"}}, {"model": "auth.permission", "pk": 9, "fields": {"name": "Can add group", "content_type": 3, "codename": "add_group"}}, {"model": "auth.permission", "pk": 10, "fields": {"name": "Can change group", "content_type": 3, "codename": "change_group"}}, {"model": "auth.permission", "pk": 11, "fields": {"name": "Can delete group", "content_type": 3, "codename": "delete_group"}}, {"model": "auth.permission", "pk": 12, "fields": {"name": "Can view group", "content_type": 3, "codename": "view_group"}}, {"model": "auth.permission", "pk": 13, "fields": {"name": "Can add user", "content_type": 4, "codename": "add_user"}}, {"model": "auth.permission", "pk": 14, "fields": {"name": "Can change user", "content_type": 4, "codename": "change_user"}}, {"model": "auth.permission", "pk": 15, "fields": {"name": "Can delete user", "content_type": 4, "codename": "delete_user"}}, {"model": "auth.permission", "pk": 16, "fields": {"name": "Can view user", "content_type": 4, "codename": "view_user"}}, {"model": "auth.permission", "pk": 17, "fields": {"name": "Can add content type", "content_type": 5, "codename": "add_contenttype"}}, {"model": "auth.permission", "pk": 18, "fields": {"name": "Can change content type", "content_type": 5, "codename": "change_contenttype"}}, {"model": "auth.permission", "pk": 19, "fields": {"name": "Can delete content type", "content_type": 5, "codename": "delete_contenttype"}}, {"model": "auth.permission", "pk": 20, "fields": {"name": "Can view content type", "content_type": 5, "codename": "view_contenttype"}}, {"model": "auth.permission", "pk": 21, "fields": {"name": "Can add session", "content_type": 6, "codename": "add_session"}}, {"model": "auth.permission", "pk": 22, "fields": {"name": "Can change session", "content_type": 6, "codename": "change_session"}}, {"model": "auth.permission", "pk": 23, "fields": {"name": "Can delete session", "content_type": 6, "codename": "delete_session"}}, {"model": "auth.permission", "pk": 24, "fields": {"name": "Can view session", "content_type": 6, "codename": "view_session"}}, {"model": "auth.permission", "pk": 25, "fields": {"name": "Can add comuna", "content_type": 7, "codename": "add_comuna"}}, {"model": "auth.permission", "pk": 26, "fields": {"name": "Can change comuna", "content_type": 7, "codename": "change_comuna"}}, {"model": "auth.permission", "pk": 27, "fields": {"name": "Can delete comuna", "content_type": 7, "codename": "delete_comuna"}}, {"model": "auth.permission", "pk": 28, "fields": {"name": "Can view comuna", "content_type": 7, "codename": "view_comuna"}}, {"model": "auth.permission", "pk": 29, "fields": {"name": "Can add region", "content_type": 8, "codename": "add_region"}}, {"model": "auth.permission", "pk": 30, "fields": {"name": "Can change region", "content_type": 8, "codename": "change_region"}}, {"model": "auth.permission", "pk": 31, "fields": {"name": "Can delete region", "content_type": 8, "codename": "delete_region"}}, {"model": "auth.permission", "pk": 32, "fields": {"name": "Can view region", "content_type": 8, "codename": "view_region"}}, {"model": "auth.permission", "pk": 33, "fields": {"name": "Can add hospital", "content_type": 9, "codename": "add_hospital"}}, {"model": "auth.permission", "pk": 34, "fields": {"name": "Can change hospital", "content_type": 9, "codename": "change_hospital"}}, {"model": "auth.permission", "pk": 35, "fields": {"name": "Can delete hospital", "content_type": 9, "codename": "delete_hospital"}}, {"model": "auth.permission", "pk": 36, "fields": {"name": "Can view hospital", "content_type": 9, "codename": "view_hospital"}}, {"model": "auth.permission", "pk": 37, "fields": {"name": "Can add medic", "content_type": 10, "codename": "add_medic"}}, {"model": "auth.permission", "pk": 38, "fields": {"name": "Can change medic", "content_type": 10, "codename": "change_medic"}}, {"model": "auth.permission", "pk": 39, "fields": {"name": "Can delete medic", "content_type": 10, "codename": "delete_medic"}}, {"model": "auth.permission", "pk": 40, "fields": {"name": "Can view medic", "content_type": 10, "codename": "view_medic"}}, {"model": "auth.permission", "pk": 41, "fields": {"name": "Can add medics last update", "content_type": 11, "codename": "add_medicslastupdate"}}, {"model": "auth.permission", "pk": 42, "fields": {"name": "Can change medics last update", "content_type": 11, "codename": "change_medicslastupdate"}}, {"model": "auth.permission", "pk": 43, "fields": {"name": "Can delete medics last update", "content_type": 11, "codename": "delete_medicslastupdate"}}, {"model": "auth.permission", "pk": 44, "fields": {"name": "Can view medics last update", "content_type": 11, "codename": "view_medicslastupdate"}}, {"model": "auth.permission", "pk": 45, "fields": {"name": "Can add hospital last update", "content_type": 11, "codename": "add_hospitallastupdate"}}, {"model": "auth.permission", "pk": 46, "fields": {"name": "Can change hospital last update", "content_type": 11, "codename": "change_hospitallastupdate"}}, {"model": "auth.permission", "pk": 47, "fields": {"name": "Can delete hospital last update", "content_type": 11, "codename": "delete_hospitallastupdate"}}, {"model": "auth.permission", "pk": 48, "fields": {"name": "Can view hospital last update", "content_type": 11, "codename": "view_hospitallastupdate"}}, {"model": "auth.user", "pk": 1, "fields": {"password": "pbkdf2_sha256$216000$8qyRydTMHvIv$56isYRevv2LPKOmQaSHbePPubFXjVCKdm5HB1UX5DzY=", "last_login": "2021-02-08T01:05:29.633Z", "is_superuser": true, "username": "admin", "first_name": "", "last_name": "", "email": "admin@medinfo.cl", "is_staff": true, "is_active": true, "date_joined": "2021-02-08T00:29:39.237Z", "groups": [], "user_permissions": []}}, {"model": "contenttypes.contenttype", "pk": 1, "fields": {"app_label": "admin", "model": "logentry"}}, {"model": "contenttypes.contenttype", "pk": 2, "fields": {"app_label": "auth", "model": "permission"}}, {"model": "contenttypes.contenttype", "pk": 3, "fields": {"app_label": "auth", "model": "group"}}, {"model": "contenttypes.contenttype", "pk": 4, "fields": {"app_label": "auth", "model": "user"}}, {"model": "contenttypes.contenttype", "pk": 5, "fields": {"app_label": "contenttypes", "model": "contenttype"}}, {"model": "contenttypes.contenttype", "pk": 6, "fields": {"app_label": "sessions", "model": "session"}}, {"model": "contenttypes.contenttype", "pk": 7, "fields": {"app_label": "app", "model": "comuna"}}, {"model": "contenttypes.contenttype", "pk": 8, "fields": {"app_label": "app", "model": "region"}}, {"model": "contenttypes.contenttype", "pk": 9, "fields": {"app_label": "app", "model": "hospital"}}, {"model": "contenttypes.contenttype", "pk": 10, "fields": {"app_label": "app", "model": "medic"}}, {"model": "contenttypes.contenttype", "pk": 11, "fields": {"app_label": "app", "model": "hospitallastupdate"}}, {"model": "sessions.session", "pk": "0b0gnj9123a4dl3czq5t1gj8vk4bnd23", "fields": {"session_data": ".eJxVjEEOwiAUBe_C2pBCgIJL956BvA8fqRqalHZlvLs26UK3b2beS0Rsa41b5yVOWZyFEqffjZAe3HaQ72i3Waa5rctEclfkQbu8zpmfl8P9O6jo9VsPXlkbLCwb56ETAqMEYucUJRBlmDAws_fEWaMo430OI8BGl-RG8f4AAj45Lw:1l8uRQ:PhT-BO4jVab0GOQ3bsmcVehHKb-K78_l4qPNpxLKp4g", "expire_date": "2021-02-22T00:30:12.021Z"}}, {"model": "sessions.session", "pk": "e7ce2y76wch6dfu3cp0nvabkoi45wy6q", "fields": {"session_data": ".eJxVjEEOwiAUBe_C2pBCgIJL956BvA8fqRqalHZlvLs26UK3b2beS0Rsa41b5yVOWZyFEqffjZAe3HaQ72i3Waa5rctEclfkQbu8zpmfl8P9O6jo9VsPXlkbLCwb56ETAqMEYucUJRBlmDAws_fEWaMo430OI8BGl-RG8f4AAj45Lw:1l8uzZ:T5cOQZTYQzVkEgKuF482xNXcnI0Raz-dYsyKHn2yM0k", "expire_date": "2021-02-22T01:05:29.641Z"}}, {"model": "app.region", "pk": 0, "fields": {"region_number": "XV", "region_name": "Arica y Parinacota"}}, {"model": "app.region", "pk": 1, "fields": {"region_number": "I", "region_name": "Tarapacá"}}, {"model": "app.region", "pk": 2, "fields": {"region_number": "II", "region_name": "Antofagasta"}}, {"model": "app.region", "pk": 3, "fields": {"region_number": "III", "region_name": "Atacama"}}, {"model": "app.region", "pk": 4, "fields": {"region_number": "IV", "region_name": "Coquimbo"}}, {"model": "app.region", "pk": 5, "fields": {"region_number": "V", "region_name": "Valparaíso"}}, {"model": "app.region", "pk": 6, "fields": {"region_number": "MET", "region_name": "Metropolitana de Santiago"}}, {"model": "app.region", "pk": 7, "fields": {"region_number": "VI", "region_name": "Libertador Gral. Bernardo O’Higgins"}}, {"model": "app.region", "pk": 8, "fields": {"region_number": "VII", "region_name": "Maule"}}, {"model": "app.region", "pk": 9, "fields": {"region_number": "XVI", "region_name": "Ñuble"}}, {"model": "app.region", "pk": 10, "fields": {"region_number": "VIII", "region_name": "Biobío"}}, {"model": "app.region", "pk": 11, "fields": {"region_number": "IX", "region_name": "Araucanía"}}, {"model": "app.region", "pk": 12, "fields": {"region_number": "XIV", "region_name": "Los Ríos"}}, {"model": "app.region", "pk": 13, "fields": {"region_number": "X", "region_name": "Los Lagos"}}, {"model": "app.region", "pk": 14, "fields": {"region_number": "XI", "region_name": "Aisén del Gral. Carlos Ibáñez del Campo"}}, {"model": "app.region", "pk": 15, "fields": {"region_number": "XII", "region_name": "Magallanes y de la Antártica Chilena"}}, {"model": "app.comuna", "pk": 0, "fields": {"comuna_name": "Arica", "region_id": 0}}, {"model": "app.comuna", "pk": 1, "fields": {"comuna_name": "Camarones", "region_id": 0}}, {"model": "app.comuna", "pk": 2, "fields": {"comuna_name": "General Lagos", "region_id": 0}}, {"model": "app.comuna", "pk": 3, "fields": {"comuna_name": "Putre", "region_id": 0}}, {"model": "app.comuna", "pk": 4, "fields": {"comuna_name": "Alto Hospicio", "region_id": 1}}, {"model": "app.comuna", "pk": 5, "fields": {"comuna_name": "Camiña", "region_id": 1}}, {"model": "app.comuna", "pk": 6, "fields": {"comuna_name": "Colchane", "region_id": 1}}, {"model": "app.comuna", "pk": 7, "fields": {"comuna_name": "Huara", "region_id": 1}}, {"model": "app.comuna", "pk": 8, "fields": {"comuna_name": "Iquique", "region_id": 1}}, {"model": "app.comuna", "pk": 9, "fields": {"comuna_name": "Pica", "region_id": 1}}, {"model": "app.comuna", "pk": 10, "fields": {"comuna_name": "Pozo Almonte", "region_id": 1}}, {"model": "app.comuna", "pk": 11, "fields": {"comuna_name": "Antofagasta", "region_id": 2}}, {"model": "app.comuna", "pk": 12, "fields": {"comuna_name": "Calama", "region_id": 2}}, {"model": "app.comuna", "pk": 13, "fields": {"comuna_name": "María Elena", "region_id": 2}}, {"model": "app.comuna", "pk": 14, "fields": {"comuna_name": "Mejillones", "region_id": 2}}, {"model": "app.comuna", "pk": 15, "fields": {"comuna_name": "Ollagüe", "region_id": 2}}, {"model": "app.comuna", "pk": 16, "fields": {"comuna_name": "San Pedro de Atacama", "region_id": 2}}, {"model": "app.comuna", "pk": 17, "fields": {"comuna_name": "Sierra Gorda", "region_id": 2}}, {"model": "app.comuna", "pk": 18, "fields": {"comuna_name": "Taltal", "region_id": 2}}, {"model": "app.comuna", "pk": 19, "fields": {"comuna_name": "Tocopilla", "region_id": 2}}, {"model": "app.comuna", "pk": 20, "fields": {"comuna_name": "Alto del Carmen", "region_id": 3}}, {"model": "app.comuna", "pk": 21, "fields": {"comuna_name": "Caldera", "region_id": 3}}, {"model": "app.comuna", "pk": 22, "fields": {"comuna_name": "Chañaral", "region_id": 3}}, {"model": "app.comuna", "pk": 23, "fields": {"comuna_name": "Copiapó", "region_id": 3}}, {"model": "app.comuna", "pk": 24, "fields": {"comuna_name": "Diego de Almagro", "region_id": 3}}, {"model": "app.comuna", "pk": 25, "fields": {"comuna_name": "Freirina", "region_id": 3}}, {"model": "app.comuna", "pk": 26, "fields": {"comuna_name": "Huasco", "region_id": 3}}, {"model": "app.comuna", "pk": 27, "fields": {"comuna_name": "Tierra Amarilla", "region_id": 3}}, {"model": "app.comuna", "pk": 28, "fields": {"comuna_name": "Vallenar", "region_id": 3}}, {"model": "app.comuna", "pk": 29, "fields": {"comuna_name": "Andacollo", "region_id": 4}}, {"model": "app.comuna", "pk": 30, "fields": {"comuna_name": "Canela", "region_id": 4}}, {"model": "app.comuna", "pk": 31, "fields": {"comuna_name": "Combarbalá", "region_id": 4}}, {"model": "app.comuna", "pk": 32, "fields": {"comuna_name": "Coquimbo", "region_id": 4}}, {"model": "app.comuna", "pk": 33, "fields": {"comuna_name": "Illapel", "region_id": 4}}, {"model": "app.comuna", "pk": 34, "fields": {"comuna_name": "La Higuera", "region_id": 4}}, {"model": "app.comuna", "pk": 35, "fields": {"comuna_name": "La Serena", "region_id": 4}}, {"model": "app.comuna", "pk": 36, "fields": {"comuna_name": "Los Vilos", "region_id": 4}}, {"model": "app.comuna", "pk": 37, "fields": {"comuna_name": "Monte Patria", "region_id": 4}}, {"model": "app.comuna", "pk": 38, "fields": {"comuna_name": "Ovalle", "region_id": 4}}, {"model": "app.comuna", "pk": 39, "fields": {"comuna_name": "Paiguano", "region_id": 4}}, {"model": "app.comuna", "pk": 40, "fields": {"comuna_name": "Punitaqui", "region_id": 4}}, {"model": "app.comuna", "pk": 41, "fields": {"comuna_name": "Río Hurtado", "region_id": 4}}, {"model": "app.comuna", "pk": 42, "fields": {"comuna_name": "Salamanca", "region_id": 4}}, {"model": "app.comuna", "pk": 43, "fields": {"comuna_name": "Vicuña", "region_id": 4}}, {"model": "app.comuna", "pk": 44, "fields": {"comuna_name": "Algarrobo", "region_id": 5}}, {"model": "app.comuna", "pk": 45, "fields": {"comuna_name": "Cabildo", "region_id": 5}}, {"model": "app.comuna", "pk": 46, "fields": {"comuna_name": "Calera", "region_id": 5}}, {"model": "app.comuna", "pk": 47, "fields": {"comuna_name": "Calle Larga", "region_id": 5}}, {"model": "app.comuna", "pk": 48, "fields": {"comuna_name": "Cartagena", "region_id": 5}}, {"model": "app.comuna", "pk": 49, "fields": {"comuna_name": "Casablanca", "region_id": 5}}, {"model": "app.comuna", "pk": 50, "fields": {"comuna_name": "Catemu", "region_id": 5}}, {"model": "app.comuna", "pk": 51, "fields": {"comuna_name": "Concón", "region_id": 5}}, {"model": "app.comuna", "pk": 52, "fields": {"comuna_name": "El Quisco", "region_id": 5}}, {"model": "app.comuna", "pk": 53, "fields": {"comuna_name": "El Tabo", "region_id": 5}}, {"model": "app.comuna", "pk": 54, "fields": {"comuna_name": "Hijuelas", "region_id": 5}}, {"model": "app.comuna", "pk": 55, "fields": {"comuna_name": "Isla de Pascua", "region_id": 5}}, {"model": "app.comuna", "pk": 56, "fields": {"comuna_name": "Juan Fernández", "region_id": 5}}, {"model": "app.comuna", "pk": 57, "fields": {"comuna_name": "La Cruz", "region_id": 5}}, {"model": "app.comuna", "pk": 58, "fields": {"comuna_name": "La Ligua", "region_id": 5}}, {"model": "app.comuna", "pk": 59, "fields": {"comuna_name": "Limache", "region_id": 5}}, {"model": "app.comuna", "pk": 60, "fields": {"comuna_name": "Llaillay", "region_id": 5}}, {"model": "app.comuna", "pk": 61, "fields": {"comuna_name": "Los Andes", "region_id": 5}}, {"model": "app.comuna", "pk": 62, "fields": {"comuna_name": "Nogales", "region_id": 5}}, {"model": "app.comuna", "pk": 63, "fields": {"comuna_name": "Olmué", "region_id": 5}}, {"model": "app.comuna", "pk": 64, "fields": {"comuna_name": "Panquehue", "region_id": 5}}, {"model": "app.comuna", "pk": 65, "fields": {"comuna_name": "Papudo", "region_id": 5}}, {"model": "app.comuna", "pk": 66, "fields": {"comuna_name": "Petorca", "region_id": 5}}, {"model": "app.comuna", "pk": 67, "fields": {"comuna_name": "Puchuncaví", "region_id": 5}}, {"model": "app.comuna", "pk": 68, "fields": {"comuna_name": "Putaendo", "region_id": 5}}, {"model": "app.comuna", "pk": 69, "fields": {"comuna_name": "Quillota", "region_id": 5}}, {"model": "app.comuna", "pk": 70, "fields": {"comuna_name": "Quilpué", "region_id": 5}}, {"model": "app.comuna", "pk": 71, "fields": {"comuna_name": "Quintero", "region_id": 5}}, {"model": "app.comuna", "pk": 72, "fields": {"comuna_name": "Rinconada", "region_id": 5}}, {"model": "app.comuna", "pk": 73, "fields": {"comuna_name": "San Antonio", "region_id": 5}}, {"model": "app.comuna", "pk": 74, "fields": {"comuna_name": "San Esteban", "region_id": 5}}, {"model": "app.comuna", "pk": 75, "fields": {"comuna_name": "San Felipe", "region_id": 5}}, {"model": "app.comuna", "pk": 76, "fields": {"comuna_name": "Santa María", "region_id": 5}}, {"model": "app.comuna", "pk": 77, "fields": {"comuna_name": "Santo Domingo", "region_id": 5}}, {"model": "app.comuna", "pk": 78, "fields": {"comuna_name": "Valparaíso", "region_id": 5}}, {"model": "app.comuna", "pk": 79, "fields": {"comuna_name": "Villa Alemana", "region_id": 5}}, {"model": "app.comuna", "pk": 80, "fields": {"comuna_name": "Viña del Mar", "region_id": 5}}, {"model": "app.comuna", "pk": 81, "fields": {"comuna_name": "Zapallar", "region_id": 5}}, {"model": "app.comuna", "pk": 82, "fields": {"comuna_name": "Alhué", "region_id": 6}}, {"model": "app.comuna", "pk": 83, "fields": {"comuna_name": "Buin", "region_id": 6}}, {"model": "app.comuna", "pk": 84, "fields": {"comuna_name": "Calera de Tango", "region_id": 6}}, {"model": "app.comuna", "pk": 85, "fields": {"comuna_name": "Cerrillos", "region_id": 6}}, {"model": "app.comuna", "pk": 86, "fields": {"comuna_name": "Cerro Navia", "region_id": 6}}, {"model": "app.comuna", "pk": 87, "fields": {"comuna_name": "Colina", "region_id": 6}}, {"model": "app.comuna", "pk": 88, "fields": {"comuna_name": "Conchalí", "region_id": 6}}, {"model": "app.comuna", "pk": 89, "fields": {"comuna_name": "Curacaví", "region_id": 6}}, {"model": "app.comuna", "pk": 90, "fields": {"comuna_name": "El Bosque", "region_id": 6}}, {"model": "app.comuna", "pk": 91, "fields": {"comuna_name": "El Monte", "region_id": 6}}, {"model": "app.comuna", "pk": 92, "fields": {"comuna_name": "Estación Central", "region_id": 6}}, {"model": "app.comuna", "pk": 93, "fields": {"comuna_name": "Huechuraba", "region_id": 6}}, {"model": "app.comuna", "pk": 94, "fields": {"comuna_name": "Independencia", "region_id": 6}}, {"model": "app.comuna", "pk": 95, "fields": {"comuna_name": "Isla de Maipo", "region_id": 6}}, {"model": "app.comuna", "pk": 96, "fields": {"comuna_name": "La Cisterna", "region_id": 6}}, {"model": "app.comuna", "pk": 97, "fields": {"comuna_name": "La Florida", "region_id": 6}}, {"model": "app.comuna", "pk": 98, "fields": {"comuna_name": "La Granja", "region_id": 6}}, {"model": "app.comuna", "pk": 99, "fields": {"comuna_name": "La Pintana", "region_id": 6}}, {"model": "app.comuna", "pk": 100, "fields": {"comuna_name": "La Reina", "region_id": 6}}, {"model": "app.comuna", "pk": 101, "fields": {"comuna_name": "Lampa", "region_id": 6}}, {"model": "app.comuna", "pk": 102, "fields": {"comuna_name": "Las Condes", "region_id": 6}}, {"model": "app.comuna", "pk": 103, "fields": {"comuna_name": "Lo Barnechea", "region_id": 6}}, {"model": "app.comuna", "pk": 104, "fields": {"comuna_name": "Lo Espejo", "region_id": 6}}, {"model": "app.comuna", "pk": 105, "fields": {"comuna_name": "Lo Prado", "region_id": 6}}, {"model": "app.comuna", "pk": 106, "fields": {"comuna_name": "Macul", "region_id": 6}}, {"model": "app.comuna", "pk": 107, "fields": {"comuna_name": "Maipú", "region_id": 6}}, {"model": "app.comuna", "pk": 108, "fields": {"comuna_name": "María Pinto", "region_id": 6}}, {"model": "app.comuna", "pk": 109, "fields": {"comuna_name": "Melipilla", "region_id": 6}}, {"model": "app.comuna", "pk": 110, "fields": {"comuna_name": "Ñuñoa", "region_id": 6}}, {"model": "app.comuna", "pk": 111, "fields": {"comuna_name": "Padre Hurtado", "region_id": 6}}, {"model": "app.comuna", "pk": 112, "fields": {"comuna_name": "Paine", "region_id": 6}}, {"model": "app.comuna", "pk": 113, "fields": {"comuna_name": "Pedro Aguirre Cerda", "region_id": 6}}, {"model": "app.comuna", "pk": 114, "fields": {"comuna_name": "Peñaflor", "region_id": 6}}, {"model": "app.comuna", "pk": 115, "fields": {"comuna_name": "Peñalolén", "region_id": 6}}, {"model": "app.comuna", "pk": 116, "fields": {"comuna_name": "Pirque", "region_id": 6}}, {"model": "app.comuna", "pk": 117, "fields": {"comuna_name": "Providencia", "region_id": 6}}, {"model": "app.comuna", "pk": 118, "fields": {"comuna_name": "Pudahuel", "region_id": 6}}, {"model": "app.comuna", "pk": 119, "fields": {"comuna_name": "Puente Alto", "region_id": 6}}, {"model": "app.comuna", "pk": 120, "fields": {"comuna_name": "Quilicura", "region_id": 6}}, {"model": "app.comuna", "pk": 121, "fields": {"comuna_name": "Quinta Normal", "region_id": 6}}, {"model": "app.comuna", "pk": 122, "fields": {"comuna_name": "Recoleta", "region_id": 6}}, {"model": "app.comuna", "pk": 123, "fields": {"comuna_name": "Renca", "region_id": 6}}, {"model": "app.comuna", "pk": 124, "fields": {"comuna_name": "San Bernardo", "region_id": 6}}, {"model": "app.comuna", "pk": 125, "fields": {"comuna_name": "San Joaquín", "region_id": 6}}, {"model": "app.comuna", "pk": 126, "fields": {"comuna_name": "San José de Maipo", "region_id": 6}}, {"model": "app.comuna", "pk": 127, "fields": {"comuna_name": "San Miguel", "region_id": 6}}, {"model": "app.comuna", "pk": 128, "fields": {"comuna_name": "San Pedro", "region_id": 6}}, {"model": "app.comuna", "pk": 129, "fields": {"comuna_name": "San Ramón", "region_id": 6}}, {"model": "app.comuna", "pk": 130, "fields": {"comuna_name": "Santiago", "region_id": 6}}, {"model": "app.comuna", "pk": 131, "fields": {"comuna_name": "Talagante", "region_id": 6}}, {"model": "app.comuna", "pk": 132, "fields": {"comuna_name": "Til til", "region_id": 6}}, {"model": "app.comuna", "pk": 133, "fields": {"comuna_name": "Vitacura", "region_id": 6}}, {"model": "app.comuna", "pk": 134, "fields": {"comuna_name": "Chimbarongo", "region_id": 7}}, {"model": "app.comuna", "pk": 135, "fields": {"comuna_name": "Chépica", "region_id": 7}}, {"model": "app.comuna", "pk": 136, "fields": {"comuna_name": "Codegua", "region_id": 7}}, {"model": "app.comuna", "pk": 137, "fields": {"comuna_name": "Coinco", "region_id": 7}}, {"model": "app.comuna", "pk": 138, "fields": {"comuna_name": "Coltauco", "region_id": 7}}, {"model": "app.comuna", "pk": 139, "fields": {"comuna_name": "Doñihue", "region_id": 7}}, {"model": "app.comuna", "pk": 140, "fields": {"comuna_name": "Graneros", "region_id": 7}}, {"model": "app.comuna", "pk": 141, "fields": {"comuna_name": "La Estrella", "region_id": 7}}, {"model": "app.comuna", "pk": 142, "fields": {"comuna_name": "Las Cabras", "region_id": 7}}, {"model": "app.comuna", "pk": 143, "fields": {"comuna_name": "Litueche", "region_id": 7}}, {"model": "app.comuna", "pk": 144, "fields": {"comuna_name": "Lolol", "region_id": 7}}, {"model": "app.comuna", "pk": 145, "fields": {"comuna_name": "Machalí", "region_id": 7}}, {"model": "app.comuna", "pk": 146, "fields": {"comuna_name": "Malloa", "region_id": 7}}, {"model": "app.comuna", "pk": 147, "fields": {"comuna_name": "Marchihue", "region_id": 7}}, {"model": "app.comuna", "pk": 148, "fields": {"comuna_name": "Nancagua", "region_id": 7}}, {"model": "app.comuna", "pk": 149, "fields": {"comuna_name": "Navidad", "region_id": 7}}, {"model": "app.comuna", "pk": 150, "fields": {"comuna_name": "Olivar", "region_id": 7}}, {"model": "app.comuna", "pk": 151, "fields": {"comuna_name": "Palmilla", "region_id": 7}}, {"model": "app.comuna", "pk": 152, "fields": {"comuna_name": "Paredones", "region_id": 7}}, {"model": "app.comuna", "pk": 153, "fields": {"comuna_name": "Peralillo", "region_id": 7}}, {"model": "app.comuna", "pk": 154, "fields": {"comuna_name": "Peumo", "region_id": 7}}, {"model": "app.comuna", "pk": 155, "fields": {"comuna_name": "Pichidegua", "region_id": 7}}, {"model": "app.comuna", "pk": 156, "fields": {"comuna_name": "Pichilemu", "region_id": 7}}, {"model": "app.comuna", "pk": 157, "fields": {"comuna_name": "Placilla", "region_id": 7}}, {"model": "app.comuna", "pk": 158, "fields": {"comuna_name": "Pumanque", "region_id": 7}}, {"model": "app.comuna", "pk": 159, "fields": {"comuna_name": "Quinta de Tilcoco", "region_id": 7}}, {"model": "app.comuna", "pk": 160, "fields": {"comuna_name": "Rancagua", "region_id": 7}}, {"model": "app.comuna", "pk": 161, "fields": {"comuna_name": "Rengo", "region_id": 7}}, {"model": "app.comuna", "pk": 162, "fields": {"comuna_name": "Requínoa", "region_id": 7}}, {"model": "app.comuna", "pk": 163, "fields": {"comuna_name": "San Fernando", "region_id": 7}}, {"model": "app.comuna", "pk": 164, "fields": {"comuna_name": "San Francisco de Mostazal", "region_id": 7}}, {"model": "app.comuna", "pk": 165, "fields": {"comuna_name": "San Vicente de Tagua Tagua", "region_id": 7}}, {"model": "app.comuna", "pk": 166, "fields": {"comuna_name": "Santa Cruz", "region_id": 7}}, {"model": "app.comuna", "pk": 167, "fields": {"comuna_name": "Cauquenes", "region_id": 8}}, {"model": "app.comuna", "pk": 168, "fields": {"comuna_name": "Chanco", "region_id": 8}}, {"model": "app.comuna", "pk": 169, "fields": {"comuna_name": "Colbún", "region_id": 8}}, {"model": "app.comuna", "pk": 170, "fields": {"comuna_name": "Constitución", "region_id": 8}}, {"model": "app.comuna", "pk": 171, "fields": {"comuna_name": "Curepto", "region_id": 8}}, {"model": "app.comuna", "pk": 172, "fields": {"comuna_name": "Curicó", "region_id": 8}}, {"model": "app.comuna", "pk": 173, "fields": {"comuna_name": "Empedrado", "region_id": 8}}, {"model": "app.comuna", "pk": 174, "fields": {"comuna_name": "Hualañé", "region_id": 8}}, {"model": "app.comuna", "pk": 175, "fields": {"comuna_name": "Licantén", "region_id": 8}}, {"model": "app.comuna", "pk": 176, "fields": {"comuna_name": "Linares", "region_id": 8}}, {"model": "app.comuna", "pk": 177, "fields": {"comuna_name": "Longaví", "region_id": 8}}, {"model": "app.comuna", "pk": 178, "fields": {"comuna_name": "Maule", "region_id": 8}}, {"model": "app.comuna", "pk": 179, "fields": {"comuna_name": "Molina", "region_id": 8}}, {"model": "app.comuna", "pk": 180, "fields": {"comuna_name": "Parral", "region_id": 8}}, {"model": "app.comuna", "pk": 181, "fields": {"comuna_name": "Pelarco", "region_id": 8}}, {"model": "app.comuna", "pk": 182, "fields": {"comuna_name": "Pelluhue", "region_id": 8}}, {"model": "app.comuna", "pk": 183, "fields": {"comuna_name": "Pencahue", "region_id": 8}}, {"model": "app.comuna", "pk": 184, "fields": {"comuna_name": "Rauco", "region_id": 8}}, {"model": "app.comuna", "pk": 185, "fields": {"comuna_name": "Retiro", "region_id": 8}}, {"model": "app.comuna", "pk": 186, "fields": {"comuna_name": "Romeral", "region_id": 8}}, {"model": "app.comuna", "pk": 187, "fields": {"comuna_name": "Río Claro", "region_id": 8}}, {"model": "app.comuna", "pk": 188, "fields": {"comuna_name": "Sagrada Familia", "region_id": 8}}, {"model": "app.comuna", "pk": 189, "fields": {"comuna_name": "San Clemente", "region_id": 8}}, {"model": "app.comuna", "pk": 190, "fields": {"comuna_name": "San Javier de Loncomilla", "region_id": 8}}, {"model": "app.comuna", "pk": 191, "fields": {"comuna_name": "San Rafael", "region_id": 8}}, {"model": "app.comuna", "pk": 192, "fields": {"comuna_name": "Talca", "region_id": 8}}, {"model": "app.comuna", "pk": 193, "fields": {"comuna_name": "Teno", "region_id": 8}}, {"model": "app.comuna", "pk": 194, "fields": {"comuna_name": "Vichuquén", "region_id": 8}}, {"model": "app.comuna", "pk": 195, "fields": {"comuna_name": "Villa Alegre", "region_id": 8}}, {"model": "app.comuna", "pk": 196, "fields": {"comuna_name": "Yerbas Buenas", "region_id": 8}}, {"model": "app.comuna", "pk": 197, "fields": {"comuna_name": "Bulnes", "region_id": 9}}, {"model": "app.comuna", "pk": 198, "fields": {"comuna_name": "Chillán Viejo", "region_id": 9}}, {"model": "app.comuna", "pk": 199, "fields": {"comuna_name": "Chillán", "region_id": 9}}, {"model": "app.comuna", "pk": 200, "fields": {"comuna_name": "Cobquecura", "region_id": 9}}, {"model": "app.comuna", "pk": 201, "fields": {"comuna_name": "Coelemu", "region_id": 9}}, {"model": "app.comuna", "pk": 202, "fields": {"comuna_name": "Coihueco", "region_id": 9}}, {"model": "app.comuna", "pk": 203, "fields": {"comuna_name": "El Carmen", "region_id": 9}}, {"model": "app.comuna", "pk": 204, "fields": {"comuna_name": "Ninhue", "region_id": 9}}, {"model": "app.comuna", "pk": 205, "fields": {"comuna_name": "Ñiquén", "region_id": 9}}, {"model": "app.comuna", "pk": 206, "fields": {"comuna_name": "Pemuco", "region_id": 9}}, {"model": "app.comuna", "pk": 207, "fields": {"comuna_name": "Pinto", "region_id": 9}}, {"model": "app.comuna", "pk": 208, "fields": {"comuna_name": "Portezuelo", "region_id": 9}}, {"model": "app.comuna", "pk": 209, "fields": {"comuna_name": "Quillón", "region_id": 9}}, {"model": "app.comuna", "pk": 210, "fields": {"comuna_name": "Quirihue", "region_id": 9}}, {"model": "app.comuna", "pk": 211, "fields": {"comuna_name": "Ránquil", "region_id": 9}}, {"model": "app.comuna", "pk": 212, "fields": {"comuna_name": "San Carlos", "region_id": 9}}, {"model": "app.comuna", "pk": 213, "fields": {"comuna_name": "San Fabián", "region_id": 9}}, {"model": "app.comuna", "pk": 214, "fields": {"comuna_name": "San Ignacio", "region_id": 9}}, {"model": "app.comuna", "pk": 215, "fields": {"comuna_name": "San Nicolás", "region_id": 9}}, {"model": "app.comuna", "pk": 216, "fields": {"comuna_name": "Treguaco", "region_id": 9}}, {"model": "app.comuna", "pk": 217, "fields": {"comuna_name": "Yungay", "region_id": 9}}, {"model": "app.comuna", "pk": 218, "fields": {"comuna_name": "Alto Biobío", "region_id": 10}}, {"model": "app.comuna", "pk": 219, "fields": {"comuna_name": "Antuco", "region_id": 10}}, {"model": "app.comuna", "pk": 220, "fields": {"comuna_name": "Arauco", "region_id": 10}}, {"model": "app.comuna", "pk": 221, "fields": {"comuna_name": "Cabrero", "region_id": 10}}, {"model": "app.comuna", "pk": 222, "fields": {"comuna_name": "Cañete", "region_id": 10}}, {"model": "app.comuna", "pk": 223, "fields": {"comuna_name": "Chiguayante", "region_id": 10}}, {"model": "app.comuna", "pk": 224, "fields": {"comuna_name": "Concepción", "region_id": 10}}, {"model": "app.comuna", "pk": 225, "fields": {"comuna_name": "Contulmo", "region_id": 10}}, {"model": "app.comuna", "pk": 226, "fields": {"comuna_name": "Coronel", "region_id": 10}}, {"model": "app.comuna", "pk": 227, "fields": {"comuna_name": "Curanilahue", "region_id": 10}}, {"model": "app.comuna", "pk": 228, "fields": {"comuna_name": "Florida", "region_id": 10}}, {"model": "app.comuna", "pk": 229, "fields": {"comuna_name": "Hualpén", "region_id": 10}}, {"model": "app.comuna", "pk": 230, "fields": {"comuna_name": "Hualqui", "region_id": 10}}, {"model": "app.comuna", "pk": 231, "fields": {"comuna_name": "Laja", "region_id": 10}}, {"model": "app.comuna", "pk": 232, "fields": {"comuna_name": "Lebu", "region_id": 10}}, {"model": "app.comuna", "pk": 233, "fields": {"comuna_name": "Los Álamos", "region_id": 10}}, {"model": "app.comuna", "pk": 234, "fields": {"comuna_name": "Los Ángeles", "region_id": 10}}, {"model": "app.comuna", "pk": 235, "fields": {"comuna_name": "Lota", "region_id": 10}}, {"model": "app.comuna", "pk": 236, "fields": {"comuna_name": "Mulchén", "region_id": 10}}, {"model": "app.comuna", "pk": 237, "fields": {"comuna_name": "Nacimiento", "region_id": 10}}, {"model": "app.comuna", "pk": 238, "fields": {"comuna_name": "Negrete", "region_id": 10}}, {"model": "app.comuna", "pk": 239, "fields": {"comuna_name": "Penco", "region_id": 10}}, {"model": "app.comuna", "pk": 240, "fields": {"comuna_name": "Quilaco", "region_id": 10}}, {"model": "app.comuna", "pk": 241, "fields": {"comuna_name": "Quilleco", "region_id": 10}}, {"model": "app.comuna", "pk": 242, "fields": {"comuna_name": "San Pedro de la Paz", "region_id": 10}}, {"model": "app.comuna", "pk": 243, "fields": {"comuna_name": "San Rosendo", "region_id": 10}}, {"model": "app.comuna", "pk": 244, "fields": {"comuna_name": "Santa Bárbara", "region_id": 10}}, {"model": "app.comuna", "pk": 245, "fields": {"comuna_name": "Santa Juana", "region_id": 10}}, {"model": "app.comuna", "pk": 246, "fields": {"comuna_name": "Talcahuano", "region_id": 10}}, {"model": "app.comuna", "pk": 247, "fields": {"comuna_name": "Tirúa", "region_id": 10}}, {"model": "app.comuna", "pk": 248, "fields": {"comuna_name": "Tomé", "region_id": 10}}, {"model": "app.comuna", "pk": 249, "fields": {"comuna_name": "Tucapel", "region_id": 10}}, {"model": "app.comuna", "pk": 250, "fields": {"comuna_name": "Yumbel", "region_id": 10}}, {"model": "app.comuna", "pk": 251, "fields": {"comuna_name": "Angol", "region_id": 11}}, {"model": "app.comuna", "pk": 252, "fields": {"comuna_name": "Carahue", "region_id": 11}}, {"model": "app.comuna", "pk": 253, "fields": {"comuna_name": "Cholchol", "region_id": 11}}, {"model": "app.comuna", "pk": 254, "fields": {"comuna_name": "Collipulli", "region_id": 11}}, {"model": "app.comuna", "pk": 255, "fields": {"comuna_name": "Cunco", "region_id": 11}}, {"model": "app.comuna", "pk": 256, "fields": {"comuna_name": "Curacautín", "region_id": 11}}, {"model": "app.comuna", "pk": 257, "fields": {"comuna_name": "Curarrehue", "region_id": 11}}, {"model": "app.comuna", "pk": 258, "fields": {"comuna_name": "Ercilla", "region_id": 11}}, {"model": "app.comuna", "pk": 259, "fields": {"comuna_name": "Freire", "region_id": 11}}, {"model": "app.comuna", "pk": 260, "fields": {"comuna_name": "Galvarino", "region_id": 11}}, {"model": "app.comuna", "pk": 261, "fields": {"comuna_name": "Gorbea", "region_id": 11}}, {"model": "app.comuna", "pk": 262, "fields": {"comuna_name": "Lautaro", "region_id": 11}}, {"model": "app.comuna", "pk": 263, "fields": {"comuna_name": "Loncoche", "region_id": 11}}, {"model": "app.comuna", "pk": 264, "fields": {"comuna_name": "Lonquimay", "region_id": 11}}, {"model": "app.comuna", "pk": 265, "fields": {"comuna_name": "Los Sauces", "region_id": 11}}, {"model": "app.comuna", "pk": 266, "fields": {"comuna_name": "Lumaco", "region_id": 11}}, {"model": "app.comuna", "pk": 267, "fields": {"comuna_name": "Melipeuco", "region_id": 11}}, {"model": "app.comuna", "pk": 268, "fields": {"comuna_name": "Nueva Imperial", "region_id": 11}}, {"model": "app.comuna", "pk": 269, "fields": {"comuna_name": "Padre las Casas", "region_id": 11}}, {"model": "app.comuna", "pk": 270, "fields": {"comuna_name": "Perquenco", "region_id": 11}}, {"model": "app.comuna", "pk": 271, "fields": {"comuna_name": "Pitrufquén", "region_id": 11}}, {"model": "app.comuna", "pk": 272, "fields": {"comuna_name": "Pucón", "region_id": 11}}, {"model": "app.comuna", "pk": 273, "fields": {"comuna_name": "Purén", "region_id": 11}}, {"model": "app.comuna", "pk": 274, "fields": {"comuna_name": "Renaico", "region_id": 11}}, {"model": "app.comuna", "pk": 275, "fields": {"comuna_name": "Saavedra", "region_id": 11}}, {"model": "app.comuna", "pk": 276, "fields": {"comuna_name": "Temuco", "region_id": 11}}, {"model": "app.comuna", "pk": 277, "fields": {"comuna_name": "Teodoro Schmidt", "region_id": 11}}, {"model": "app.comuna", "pk": 278, "fields": {"comuna_name": "Toltén", "region_id": 11}}, {"model": "app.comuna", "pk": 279, "fields": {"comuna_name": "Traiguén", "region_id": 11}}, {"model": "app.comuna", "pk": 280, "fields": {"comuna_name": "Victoria", "region_id": 11}}, {"model": "app.comuna", "pk": 281, "fields": {"comuna_name": "Vilcún", "region_id": 11}}, {"model": "app.comuna", "pk": 282, "fields": {"comuna_name": "Villarrica", "region_id": 11}}, {"model": "app.comuna", "pk": 283, "fields": {"comuna_name": "Corral", "region_id": 12}}, {"model": "app.comuna", "pk": 284, "fields": {"comuna_name": "Futrono", "region_id": 12}}, {"model": "app.comuna", "pk": 285, "fields": {"comuna_name": "La Unión", "region_id": 12}}, {"model": "app.comuna", "pk": 286, "fields": {"comuna_name": "Lago Ranco", "region_id": 12}}, {"model": "app.comuna", "pk": 287, "fields": {"comuna_name": "Lanco", "region_id": 12}}, {"model": "app.comuna", "pk": 288, "fields": {"comuna_name": "Los Lagos", "region_id": 12}}, {"model": "app.comuna", "pk": 289, "fields": {"comuna_name": "Mariquina", "region_id": 12}}, {"model": "app.comuna", "pk": 290, "fields": {"comuna_name": "Máfil", "region_id": 12}}, {"model": "app.comuna", "pk": 291, "fields": {"comuna_name": "Paillaco", "region_id": 12}}, {"model": "app.comuna", "pk": 292, "fields": {"comuna_name": "Panguipulli", "region_id": 12}}, {"model": "app.comuna", "pk": 293, "fields": {"comuna_name": "Río Bueno", "region_id": 12}}, {"model": "app.comuna", "pk": 294, "fields": {"comuna_name": "Valdivia", "region_id": 12}}, {"model": "app.comuna", "pk": 295, "fields": {"comuna_name": "Ancud", "region_id": 13}}, {"model": "app.comuna", "pk": 296, "fields": {"comuna_name": "Calbuco", "region_id": 13}}, {"model": "app.comuna", "pk": 297, "fields": {"comuna_name": "Castro", "region_id": 13}}, {"model": "app.comuna", "pk": 298, "fields": {"comuna_name": "Chaitén", "region_id": 13}}, {"model": "app.comuna", "pk": 299, "fields": {"comuna_name": "Chonchi", "region_id": 13}}, {"model": "app.comuna", "pk": 300, "fields": {"comuna_name": "Cochamó", "region_id": 13}}, {"model": "app.comuna", "pk": 301, "fields": {"comuna_name": "Curaco de Vélez", "region_id": 13}}, {"model": "app.comuna", "pk": 302, "fields": {"comuna_name": "Dalcahue", "region_id": 13}}, {"model": "app.comuna", "pk": 303, "fields": {"comuna_name": "Fresia", "region_id": 13}}, {"model": "app.comuna", "pk": 304, "fields": {"comuna_name": "Frutillar", "region_id": 13}}, {"model": "app.comuna", "pk": 305, "fields": {"comuna_name": "Futaleufú", "region_id": 13}}, {"model": "app.comuna", "pk": 306, "fields": {"comuna_name": "Hualaihué", "region_id": 13}}, {"model": "app.comuna", "pk": 307, "fields": {"comuna_name": "Llanquihue", "region_id": 13}}, {"model": "app.comuna", "pk": 308, "fields": {"comuna_name": "Los Muermos", "region_id": 13}}, {"model": "app.comuna", "pk": 309, "fields": {"comuna_name": "Maullín", "region_id": 13}}, {"model": "app.comuna", "pk": 310, "fields": {"comuna_name": "Osorno", "region_id": 13}}, {"model": "app.comuna", "pk": 311, "fields": {"comuna_name": "Palena", "region_id": 13}}, {"model": "app.comuna", "pk": 312, "fields": {"comuna_name": "Puerto Montt", "region_id": 13}}, {"model": "app.comuna", "pk": 313, "fields": {"comuna_name": "Puerto Octay", "region_id": 13}}, {"model": "app.comuna", "pk": 314, "fields": {"comuna_name": "Puerto Varas", "region_id": 13}}, {"model": "app.comuna", "pk": 315, "fields": {"comuna_name": "Puqueldón", "region_id": 13}}, {"model": "app.comuna", "pk": 316, "fields": {"comuna_name": "Purranque", "region_id": 13}}, {"model": "app.comuna", "pk": 317, "fields": {"comuna_name": "Puyehue", "region_id": 13}}, {"model": "app.comuna", "pk": 318, "fields": {"comuna_name": "Queilén", "region_id": 13}}, {"model": "app.comuna", "pk": 319, "fields": {"comuna_name": "Quellón", "region_id": 13}}, {"model": "app.comuna", "pk": 320, "fields": {"comuna_name": "Quemchi", "region_id": 13}}, {"model": "app.comuna", "pk": 321, "fields": {"comuna_name": "Quinchao", "region_id": 13}}, {"model": "app.comuna", "pk": 322, "fields": {"comuna_name": "Río Negro", "region_id": 13}}, {"model": "app.comuna", "pk": 323, "fields": {"comuna_name": "San Juan de la Costa", "region_id": 13}}, {"model": "app.comuna", "pk": 324, "fields": {"comuna_name": "San Pablo", "region_id": 13}}, {"model": "app.comuna", "pk": 325, "fields": {"comuna_name": "Aysén", "region_id": 14}}, {"model": "app.comuna", "pk": 326, "fields": {"comuna_name": "Chile Chico", "region_id": 14}}, {"model": "app.comuna", "pk": 327, "fields": {"comuna_name": "Cisnes", "region_id": 14}}, {"model": "app.comuna", "pk": 328, "fields": {"comuna_name": "Cochrane", "region_id": 14}}, {"model": "app.comuna", "pk": 329, "fields": {"comuna_name": "Coyhaique", "region_id": 14}}, {"model": "app.comuna", "pk": 330, "fields": {"comuna_name": "Guaitecas", "region_id": 14}}, {"model": "app.comuna", "pk": 331, "fields": {"comuna_name": "Lago Verde", "region_id": 14}}, {"model": "app.comuna", "pk": 332, "fields": {"comuna_name": "O’Higgins", "region_id": 14}}, {"model": "app.comuna", "pk": 333, "fields": {"comuna_name": "Río Ibáñez", "region_id": 14}}, {"model": "app.comuna", "pk": 334, "fields": {"comuna_name": "Tortel", "region_id": 14}}, {"model": "app.comuna", "pk": 335, "fields": {"comuna_name": "Antártica", "region_id": 15}}, {"model": "app.comuna", "pk": 336, "fields": {"comuna_name": "Cabo de Hornos (Ex Navarino)", "region_id": 15}}, {"model": "app.comuna", "pk": 337, "fields": {"comuna_name": "Laguna Blanca", "region_id": 15}}, {"model": "app.comuna", "pk": 338, "fields": {"comuna_name": "Natales", "region_id": 15}}, {"model": "app.comuna", "pk": 339, "fields": {"comuna_name": "Porvenir", "region_id": 15}}, {"model": "app.comuna", "pk": 340, "fields": {"comuna_name": "Primavera", "region_id": 15}}, {"model": "app.comuna", "pk": 341, "fields": {"comuna_name": "Punta Arenas", "region_id": 15}}, {"model": "app.comuna", "pk": 342, "fields": {"comuna_name": "Río Verde", "region_id": 15}}, {"model": "app.comuna", "pk": 343, "fields": {"comuna_name": "San Gregorio", "region_id": 15}}, {"model": "app.comuna", "pk": 344, "fields": {"comuna_name": "Timaukel", "region_id": 15}}, {"model": "app.comuna", "pk": 345, "fields": {"comuna_name": "Torres del Paine", "region_id": 15}}, {"model": "app.hospital", "pk": 0, "fields": {"hospital_name": "Hospital Regional Doctor Juan Noé Crevanni", "hospital_image_path": null, "comuna_id": 0}}, {"model": "app.hospital", "pk": 1, "fields": {"hospital_name": "Hospital Dr. Ernesto Torres Galdames", "hospital_image_path": null, "comuna_id": 8}}, {"model": "app.hospital", "pk": 2, "fields": {"hospital_name": "Hospital Dr. Leonardo Guzmán", "hospital_image_path": null, "comuna_id": 11}}, {"model": "app.hospital", "pk": 3, "fields": {"hospital_name": "Hospital Militar del Norte", "hospital_image_path": null, "comuna_id": 11}}, {"model": "app.hospital", "pk": 4, "fields": {"hospital_name": "Hospital Dr. Carlos Cisternas", "hospital_image_path": null, "comuna_id": 12}}, {"model": "app.hospital", "pk": 5, "fields": {"hospital_name": "Hospital de Mejillones", "hospital_image_path": null, "comuna_id": 14}}, {"model": "app.hospital", "pk": 6, "fields": {"hospital_name": "Hospital 21 de Mayo", "hospital_image_path": null, "comuna_id": 18}}, {"model": "app.hospital", "pk": 7, "fields": {"hospital_name": "Hospital Marcos Macuada", "hospital_image_path": null, "comuna_id": 19}}, {"model": "app.hospital", "pk": 8, "fields": {"hospital_name": "Hospital Dr. Jerónimo Méndez", "hospital_image_path": null, "comuna_id": 22}}, {"model": "app.hospital", "pk": 9, "fields": {"hospital_name": "Hospital San José del Carmen", "hospital_image_path": null, "comuna_id": 23}}, {"model": "app.hospital", "pk": 10, "fields": {"hospital_name": "Hospital Dr. Florencio Vargas", "hospital_image_path": null, "comuna_id": 24}}, {"model": "app.hospital", "pk": 11, "fields": {"hospital_name": "Hospital Manuel Magalhaes Medling", "hospital_image_path": null, "comuna_id": 26}}, {"model": "app.hospital", "pk": 12, "fields": {"hospital_name": "Hospital Provincial del Huasco", "hospital_image_path": null, "comuna_id": 28}}, {"model": "app.hospital", "pk": 13, "fields": {"hospital_name": "Hospital Dr. José Arraño", "hospital_image_path": null, "comuna_id": 29}}, {"model": "app.hospital", "pk": 14, "fields": {"hospital_name": "Hospital San Juan de Dios", "hospital_image_path": null, "comuna_id": 31}}, {"model": "app.hospital", "pk": 15, "fields": {"hospital_name": "Hospital San Pablo de Coquimbo", "hospital_image_path": null, "comuna_id": 32}}, {"model": "app.hospital", "pk": 16, "fields": {"hospital_name": "Hospital Dr. Humberto Elorza Cortés", "hospital_image_path": null, "comuna_id": 33}}, {"model": "app.hospital", "pk": 17, "fields": {"hospital_name": "Hospital San Juan de Dios", "hospital_image_path": null, "comuna_id": 35}}, {"model": "app.hospital", "pk": 18, "fields": {"hospital_name": "Hospital San Pedro", "hospital_image_path": null, "comuna_id": 36}}, {"model": "app.hospital", "pk": 19, "fields": {"hospital_name": "Hospital Dr. Antonio Tirado Lanas", "hospital_image_path": null, "comuna_id": 38}}, {"model": "app.hospital", "pk": 20, "fields": {"hospital_name": "Hospital de Salamanca", "hospital_image_path": null, "comuna_id": 42}}, {"model": "app.hospital", "pk": 21, "fields": {"hospital_name": "Hospital San Juan de Dios", "hospital_image_path": null, "comuna_id": 43}}, {"model": "app.hospital", "pk": 22, "fields": {"hospital_name": "Hospital Dr. Víctor Moll", "hospital_image_path": null, "comuna_id": 45}}, {"model": "app.hospital", "pk": 23, "fields": {"hospital_name": "Hospital Dr. Mario Sánchez", "hospital_image_path": null, "comuna_id": 46}}, {"model": "app.hospital", "pk": 24, "fields": {"hospital_name": "Hospital San José", "hospital_image_path": null, "comuna_id": 49}}, {"model": "app.hospital", "pk": 25, "fields": {"hospital_name": "Hospital Hanga Roa", "hospital_image_path": null, "comuna_id": 55}}, {"model": "app.hospital", "pk": 26, "fields": {"hospital_name": "Hospital San Agustín", "hospital_image_path": null, "comuna_id": 58}}, {"model": "app.hospital", "pk": 27, "fields": {"hospital_name": "Hospital Santo Tomás", "hospital_image_path": null, "comuna_id": 59}}, {"model": "app.hospital", "pk": 28, "fields": {"hospital_name": "Hospital Geriátrico Paz de la Tarde", "hospital_image_path": null, "comuna_id": 59}}, {"model": "app.hospital", "pk": 29, "fields": {"hospital_name": "Hospital San Francisco", "hospital_image_path": null, "comuna_id": 60}}, {"model": "app.hospital", "pk": 30, "fields": {"hospital_name": "Hospital San Juan de Dios", "hospital_image_path": null, "comuna_id": 61}}, {"model": "app.hospital", "pk": 31, "fields": {"hospital_name": "Hospital de Petorca", "hospital_image_path": null, "comuna_id": 66}}, {"model": "app.hospital", "pk": 32, "fields": {"hospital_name": "Hospital Psiquiátrico Dr. Philippe Pine", "hospital_image_path": null, "comuna_id": 68}}, {"model": "app.hospital", "pk": 33, "fields": {"hospital_name": "Hospital San Antonio", "hospital_image_path": null, "comuna_id": 68}}, {"model": "app.hospital", "pk": 34, "fields": {"hospital_name": "Hospital San Martín", "hospital_image_path": null, "comuna_id": 69}}, {"model": "app.hospital", "pk": 35, "fields": {"hospital_name": "Hospital de Quilpué", "hospital_image_path": null, "comuna_id": 70}}, {"model": "app.hospital", "pk": 36, "fields": {"hospital_name": "Hospital Adriana Cousiño", "hospital_image_path": null, "comuna_id": 71}}, {"model": "app.hospital", "pk": 37, "fields": {"hospital_name": "Hospital Claudio Vicuña", "hospital_image_path": null, "comuna_id": 73}}, {"model": "app.hospital", "pk": 38, "fields": {"hospital_name": "Hospital San Camilo", "hospital_image_path": null, "comuna_id": 75}}, {"model": "app.hospital", "pk": 39, "fields": {"hospital_name": "Hospital Carlos Van Buren", "hospital_image_path": null, "comuna_id": 78}}, {"model": "app.hospital", "pk": 40, "fields": {"hospital_name": "Hospital Dr. Eduardo Pereira", "hospital_image_path": null, "comuna_id": 78}}, {"model": "app.hospital", "pk": 41, "fields": {"hospital_name": "Hospital Psiquiátrico del Salvador", "hospital_image_path": null, "comuna_id": 78}}, {"model": "app.hospital", "pk": 42, "fields": {"hospital_name": "Hospital Juana Ross", "hospital_image_path": null, "comuna_id": 79}}, {"model": "app.hospital", "pk": 43, "fields": {"hospital_name": "Hospital Dr. Gustavo Fricke", "hospital_image_path": null, "comuna_id": 80}}, {"model": "app.hospital", "pk": 44, "fields": {"hospital_name": "Hospital Naval Almirante Nef", "hospital_image_path": null, "comuna_id": 80}}, {"model": "app.hospital", "pk": 45, "fields": {"hospital_name": "Hospital San Luis", "hospital_image_path": null, "comuna_id": 83}}, {"model": "app.hospital", "pk": 46, "fields": {"hospital_name": "Hospital de Curacaví", "hospital_image_path": null, "comuna_id": 89}}, {"model": "app.hospital", "pk": 47, "fields": {"hospital_name": "Complejo Hospitalario San José", "hospital_image_path": null, "comuna_id": 94}}, {"model": "app.hospital", "pk": 48, "fields": {"hospital_name": "Hospital Clínico de Niños Dr. Roberto del Río", "hospital_image_path": null, "comuna_id": 94}}, {"model": "app.hospital", "pk": 49, "fields": {"hospital_name": "Instituto Nacional del Cáncer Dr. Caupolicán Pardo Correa", "hospital_image_path": null, "comuna_id": 94}}, {"model": "app.hospital", "pk": 50, "fields": {"hospital_name": "Hospital Clínico Metropolitano de La Florida Dra. Eloísa Díaz Insunza", "hospital_image_path": null, "comuna_id": 97}}, {"model": "app.hospital", "pk": 51, "fields": {"hospital_name": "Hospital Militar de Santiago", "hospital_image_path": null, "comuna_id": 100}}, {"model": "app.hospital", "pk": 52, "fields": {"hospital_name": "Hospital Clínico de la Fuerza Aérea de Chile", "hospital_image_path": null, "comuna_id": 102}}, {"model": "app.hospital", "pk": 53, "fields": {"hospital_name": "Hospital Dipreca Teniente Hernán Merino", "hospital_image_path": null, "comuna_id": 102}}, {"model": "app.hospital", "pk": 54, "fields": {"hospital_name": "Hospital Clínico Metropolitano El Carmen Doctor Luis Valentín Ferrada", "hospital_image_path": null, "comuna_id": 107}}, {"model": "app.hospital", "pk": 55, "fields": {"hospital_name": "Hospital San José", "hospital_image_path": null, "comuna_id": 109}}, {"model": "app.hospital", "pk": 56, "fields": {"hospital_name": "Hospital de Carabineros", "hospital_image_path": null, "comuna_id": 110}}, {"model": "app.hospital", "pk": 57, "fields": {"hospital_name": "Hospital de Peñaflor", "hospital_image_path": null, "comuna_id": 114}}, {"model": "app.hospital", "pk": 58, "fields": {"hospital_name": "Hospital Dr. Luis Tisné Brousse", "hospital_image_path": null, "comuna_id": 115}}, {"model": "app.hospital", "pk": 59, "fields": {"hospital_name": "Instituto Nacional de Rehabilitación Pedro Aguirre Cerda", "hospital_image_path": null, "comuna_id": 115}}, {"model": "app.hospital", "pk": 60, "fields": {"hospital_name": "Hospital del Salvador", "hospital_image_path": null, "comuna_id": 117}}, {"model": "app.hospital", "pk": 61, "fields": {"hospital_name": "Hospital de Niños Dr. Luis Calvo Mackenna", "hospital_image_path": null, "comuna_id": 117}}, {"model": "app.hospital", "pk": 62, "fields": {"hospital_name": "Instituto Nacional de Enfermedades Respiratorias y Cirugía Torácica", "hospital_image_path": null, "comuna_id": 117}}, {"model": "app.hospital", "pk": 63, "fields": {"hospital_name": "Instituto de Neurocirugía Dr. Alfonso Asenjo", "hospital_image_path": null, "comuna_id": 117}}, {"model": "app.hospital", "pk": 64, "fields": {"hospital_name": "Instituto Nacional Geriátrico Presidente Eduardo Frei Montalva", "hospital_image_path": null, "comuna_id": 117}}, {"model": "app.hospital", "pk": 65, "fields": {"hospital_name": "Complejo Hospitalario Dr. Sótero del Río", "hospital_image_path": null, "comuna_id": 119}}, {"model": "app.hospital", "pk": 66, "fields": {"hospital_name": "Hospital Psiquiátrico El Peral", "hospital_image_path": null, "comuna_id": 119}}, {"model": "app.hospital", "pk": 67, "fields": {"hospital_name": "Centro de Enfermedades Respiratorias Infantiles Josefina Martínez", "hospital_image_path": null, "comuna_id": 119}}, {"model": "app.hospital", "pk": 68, "fields": {"hospital_name": "Hospital Dr. Félix Bulnes Cerda", "hospital_image_path": null, "comuna_id": 121}}, {"model": "app.hospital", "pk": 69, "fields": {"hospital_name": "Instituto Psiquiátrico Dr. José Horwitz Barak", "hospital_image_path": null, "comuna_id": 122}}, {"model": "app.hospital", "pk": 70, "fields": {"hospital_name": "Hospital El Pino", "hospital_image_path": null, "comuna_id": 124}}, {"model": "app.hospital", "pk": 71, "fields": {"hospital_name": "Hospital Parroquial de San Bernardo", "hospital_image_path": null, "comuna_id": 124}}, {"model": "app.hospital", "pk": 72, "fields": {"hospital_name": "Hospital San José de Maipo", "hospital_image_path": null, "comuna_id": 126}}, {"model": "app.hospital", "pk": 73, "fields": {"hospital_name": "Hospital Barros Luco Trudeau", "hospital_image_path": null, "comuna_id": 127}}, {"model": "app.hospital", "pk": 74, "fields": {"hospital_name": "Hospital Dr. Exequiel González Cortés", "hospital_image_path": null, "comuna_id": 127}}, {"model": "app.hospital", "pk": 75, "fields": {"hospital_name": "Hospital de Enfermedades infecciosas Dr. Lucio Córdova", "hospital_image_path": null, "comuna_id": 127}}, {"model": "app.hospital", "pk": 76, "fields": {"hospital_name": "Hospital Padre Hurtado", "hospital_image_path": null, "comuna_id": 129}}, {"model": "app.hospital", "pk": 77, "fields": {"hospital_name": "Hospital San Juan de Dios", "hospital_image_path": null, "comuna_id": 130}}, {"model": "app.hospital", "pk": 78, "fields": {"hospital_name": "Instituto Traumatológico Dr. Teodoro Gebauer Weisser", "hospital_image_path": null, "comuna_id": 130}}, {"model": "app.hospital", "pk": 79, "fields": {"hospital_name": "Hospital Clínico San Borja Arriarán", "hospital_image_path": null, "comuna_id": 130}}, {"model": "app.hospital", "pk": 80, "fields": {"hospital_name": "Hospital de Urgencia Asistencia Pública Dr. Alejandro del Río (ex Posta Central)", "hospital_image_path": null, "comuna_id": 130}}, {"model": "app.hospital", "pk": 81, "fields": {"hospital_name": "Hospital Adalberto Steeger", "hospital_image_path": null, "comuna_id": 131}}, {"model": "app.hospital", "pk": 82, "fields": {"hospital_name": "Hospital de Til Til", "hospital_image_path": null, "comuna_id": 132}}, {"model": "app.hospital", "pk": 83, "fields": {"hospital_name": "Hospital Mercedes de Chimbarongo", "hospital_image_path": null, "comuna_id": 134}}, {"model": "app.hospital", "pk": 84, "fields": {"hospital_name": "Hospital de Coínco", "hospital_image_path": null, "comuna_id": 137}}, {"model": "app.hospital", "pk": 85, "fields": {"hospital_name": "Hospital Santa Filomena de Graneros", "hospital_image_path": null, "comuna_id": 140}}, {"model": "app.hospital", "pk": 86, "fields": {"hospital_name": "Hospital de Litueche", "hospital_image_path": null, "comuna_id": 143}}, {"model": "app.hospital", "pk": 87, "fields": {"hospital_name": "Hospital de Lolol", "hospital_image_path": null, "comuna_id": 144}}, {"model": "app.hospital", "pk": 88, "fields": {"hospital_name": "Hospital de Marchihue", "hospital_image_path": null, "comuna_id": 147}}, {"model": "app.hospital", "pk": 89, "fields": {"hospital_name": "Hospital de Nancagua", "hospital_image_path": null, "comuna_id": 148}}, {"model": "app.hospital", "pk": 90, "fields": {"hospital_name": "Hospital del Salvador de Peumo", "hospital_image_path": null, "comuna_id": 154}}, {"model": "app.hospital", "pk": 91, "fields": {"hospital_name": "Hospital de Pichidegua", "hospital_image_path": null, "comuna_id": 155}}, {"model": "app.hospital", "pk": 92, "fields": {"hospital_name": "Hospital de Pichilemu", "hospital_image_path": null, "comuna_id": 156}}, {"model": "app.hospital", "pk": 93, "fields": {"hospital_name": "Hospital Regional de Rancagua", "hospital_image_path": null, "comuna_id": 160}}, {"model": "app.hospital", "pk": 94, "fields": {"hospital_name": "Hospital Dr. Ricardo Valenzuela Sáez", "hospital_image_path": null, "comuna_id": 161}}, {"model": "app.hospital", "pk": 95, "fields": {"hospital_name": "Hospital San Juan de Dios", "hospital_image_path": null, "comuna_id": 163}}, {"model": "app.hospital", "pk": 96, "fields": {"hospital_name": "Hospital San Vicente de Tagua Tagua", "hospital_image_path": null, "comuna_id": 165}}, {"model": "app.hospital", "pk": 97, "fields": {"hospital_name": "Hospital de Santa Cruz", "hospital_image_path": null, "comuna_id": 166}}, {"model": "app.hospital", "pk": 98, "fields": {"hospital_name": "Hospital San Juan de Dios", "hospital_image_path": null, "comuna_id": 167}}, {"model": "app.hospital", "pk": 99, "fields": {"hospital_name": "Hospital Dr. Benjamín Pedreros", "hospital_image_path": null, "comuna_id": 168}}, {"model": "app.hospital", "pk": 100, "fields": {"hospital_name": "Hospital de Constitución", "hospital_image_path": null, "comuna_id": 170}}, {"model": "app.hospital", "pk": 101, "fields": {"hospital_name": "Hospital de Curepto", "hospital_image_path": null, "comuna_id": 171}}, {"model": "app.hospital", "pk": 102, "fields": {"hospital_name": "Hospital San Juan de Dios", "hospital_image_path": null, "comuna_id": 172}}, {"model": "app.hospital", "pk": 103, "fields": {"hospital_name": "Hospital de Hualañé", "hospital_image_path": null, "comuna_id": 174}}, {"model": "app.hospital", "pk": 104, "fields": {"hospital_name": "Hospital de Licantén", "hospital_image_path": null, "comuna_id": 175}}, {"model": "app.hospital", "pk": 105, "fields": {"hospital_name": "Hospital Presidente Carlos Ibáñez del Campo", "hospital_image_path": null, "comuna_id": 176}}, {"model": "app.hospital", "pk": 106, "fields": {"hospital_name": "Hospital de Molina", "hospital_image_path": null, "comuna_id": 179}}, {"model": "app.hospital", "pk": 107, "fields": {"hospital_name": "Hospital San José", "hospital_image_path": null, "comuna_id": 180}}, {"model": "app.hospital", "pk": 108, "fields": {"hospital_name": "Hospital Dr. Abel Fuentealba Lagos", "hospital_image_path": null, "comuna_id": 190}}, {"model": "app.hospital", "pk": 109, "fields": {"hospital_name": "Hospital Dr. César Garavagno Burotto", "hospital_image_path": null, "comuna_id": 192}}, {"model": "app.hospital", "pk": 110, "fields": {"hospital_name": "Hospital de Teno", "hospital_image_path": null, "comuna_id": 193}}, {"model": "app.hospital", "pk": 111, "fields": {"hospital_name": "Hospital Familiar de Bulnes", "hospital_image_path": null, "comuna_id": 197}}, {"model": "app.hospital", "pk": 112, "fields": {"hospital_name": "Hospital Clínico Herminda Martin", "hospital_image_path": null, "comuna_id": 199}}, {"model": "app.hospital", "pk": 113, "fields": {"hospital_name": "Hospital Familiar Dr. Eduardo Contreras Trabucco", "hospital_image_path": null, "comuna_id": 201}}, {"model": "app.hospital", "pk": 114, "fields": {"hospital_name": "Hospital Familiar de El Carmen", "hospital_image_path": null, "comuna_id": 203}}, {"model": "app.hospital", "pk": 115, "fields": {"hospital_name": "Hospital Familiar de Quirihue", "hospital_image_path": null, "comuna_id": 210}}, {"model": "app.hospital", "pk": 116, "fields": {"hospital_name": "Hospital de San Carlos", "hospital_image_path": null, "comuna_id": 212}}, {"model": "app.hospital", "pk": 117, "fields": {"hospital_name": "Hospital Familiar Pedro Morales Campos", "hospital_image_path": null, "comuna_id": 217}}, {"model": "app.hospital", "pk": 118, "fields": {"hospital_name": "Hospital San Vicente de Arauco", "hospital_image_path": null, "comuna_id": 220}}, {"model": "app.hospital", "pk": 119, "fields": {"hospital_name": "Hospital Intercultural Kallvu Llanka", "hospital_image_path": null, "comuna_id": 222}}, {"model": "app.hospital", "pk": 120, "fields": {"hospital_name": "Hospital Clínico Regional Guillermo Grant Benavente", "hospital_image_path": null, "comuna_id": 224}}, {"model": "app.hospital", "pk": 121, "fields": {"hospital_name": "Hospital Traumatológico", "hospital_image_path": null, "comuna_id": 224}}, {"model": "app.hospital", "pk": 122, "fields": {"hospital_name": "Hospital de Contulmo", "hospital_image_path": null, "comuna_id": 225}}, {"model": "app.hospital", "pk": 123, "fields": {"hospital_name": "Hospital San José", "hospital_image_path": null, "comuna_id": 226}}, {"model": "app.hospital", "pk": 124, "fields": {"hospital_name": "Hospital Provincial Dr. Rafael Avaria", "hospital_image_path": null, "comuna_id": 227}}, {"model": "app.hospital", "pk": 125, "fields": {"hospital_name": "Hospital San Agustín de Florida", "hospital_image_path": null, "comuna_id": 228}}, {"model": "app.hospital", "pk": 126, "fields": {"hospital_name": "Hospital Comunitario de Laja", "hospital_image_path": null, "comuna_id": 231}}, {"model": "app.hospital", "pk": 127, "fields": {"hospital_name": "Hospital Santa Isabel de Lebu", "hospital_image_path": null, "comuna_id": 232}}, {"model": "app.hospital", "pk": 128, "fields": {"hospital_name": "Hospital Dr. Víctor Ríos Ruiz", "hospital_image_path": null, "comuna_id": 234}}, {"model": "app.hospital", "pk": 129, "fields": {"hospital_name": "Hospital de Lota", "hospital_image_path": null, "comuna_id": 235}}, {"model": "app.hospital", "pk": 130, "fields": {"hospital_name": "Hospital de Mulchén", "hospital_image_path": null, "comuna_id": 236}}, {"model": "app.hospital", "pk": 131, "fields": {"hospital_name": "Hospital Comunitario y Familiar de Nacimiento", "hospital_image_path": null, "comuna_id": 237}}, {"model": "app.hospital", "pk": 132, "fields": {"hospital_name": "Hospital Penco Lirquén", "hospital_image_path": null, "comuna_id": 239}}, {"model": "app.hospital", "pk": 133, "fields": {"hospital_name": "Hospital Comunitario de Santa Bárbara", "hospital_image_path": null, "comuna_id": 244}}, {"model": "app.hospital", "pk": 134, "fields": {"hospital_name": "Hospital Clorinda Avello", "hospital_image_path": null, "comuna_id": 245}}, {"model": "app.hospital", "pk": 135, "fields": {"hospital_name": "Hospital Las Higueras", "hospital_image_path": null, "comuna_id": 246}}, {"model": "app.hospital", "pk": 136, "fields": {"hospital_name": "Hospital Naval Almirante Adriazola", "hospital_image_path": null, "comuna_id": 246}}, {"model": "app.hospital", "pk": 137, "fields": {"hospital_name": "Hospital de Tomé", "hospital_image_path": null, "comuna_id": 248}}, {"model": "app.hospital", "pk": 138, "fields": {"hospital_name": "Hospital Comunitario Dr. Roberto Muñoz Urrutia de Huépil", "hospital_image_path": null, "comuna_id": 249}}, {"model": "app.hospital", "pk": 139, "fields": {"hospital_name": "Hospital Comunitario de Yumbel", "hospital_image_path": null, "comuna_id": 250}}, {"model": "app.hospital", "pk": 140, "fields": {"hospital_name": "Hospital Dr. Mauricio Heyermann Torres", "hospital_image_path": null, "comuna_id": 251}}, {"model": "app.hospital", "pk": 141, "fields": {"hospital_name": "Hospital de Carahue", "hospital_image_path": null, "comuna_id": 252}}, {"model": "app.hospital", "pk": 142, "fields": {"hospital_name": "Hospital de Collipulli", "hospital_image_path": null, "comuna_id": 254}}, {"model": "app.hospital", "pk": 143, "fields": {"hospital_name": "Hospital Dr. Eduardo González Galeno", "hospital_image_path": null, "comuna_id": 255}}, {"model": "app.hospital", "pk": 144, "fields": {"hospital_name": "Hospital Dr. Óscar Hernández Escobar", "hospital_image_path": null, "comuna_id": 256}}, {"model": "app.hospital", "pk": 145, "fields": {"hospital_name": "Hospital de Galvarino", "hospital_image_path": null, "comuna_id": 260}}, {"model": "app.hospital", "pk": 146, "fields": {"hospital_name": "Hospital de Gorbea", "hospital_image_path": null, "comuna_id": 261}}, {"model": "app.hospital", "pk": 147, "fields": {"hospital_name": "Hospital Dr. Abraham Godoy Peña", "hospital_image_path": null, "comuna_id": 262}}, {"model": "app.hospital", "pk": 148, "fields": {"hospital_name": "Hospital Familiar y Comunitario de Loncoche", "hospital_image_path": null, "comuna_id": 263}}, {"model": "app.hospital", "pk": 149, "fields": {"hospital_name": "Hospital de Lonquimay", "hospital_image_path": null, "comuna_id": 264}}, {"model": "app.hospital", "pk": 150, "fields": {"hospital_name": "Hospital Intercultural de Nueva Imperial", "hospital_image_path": null, "comuna_id": 268}}, {"model": "app.hospital", "pk": 151, "fields": {"hospital_name": "Hospital Makewe", "hospital_image_path": null, "comuna_id": 269}}, {"model": "app.hospital", "pk": 152, "fields": {"hospital_name": "Hospital de Pitrufquén", "hospital_image_path": null, "comuna_id": 271}}, {"model": "app.hospital", "pk": 153, "fields": {"hospital_name": "Hospital San Francisco de Pucón", "hospital_image_path": null, "comuna_id": 272}}, {"model": "app.hospital", "pk": 154, "fields": {"hospital_name": "Hospital de Purén", "hospital_image_path": null, "comuna_id": 273}}, {"model": "app.hospital", "pk": 155, "fields": {"hospital_name": "Hospital Dr. Arturo Hillerns Larrañaga", "hospital_image_path": null, "comuna_id": 275}}, {"model": "app.hospital", "pk": 156, "fields": {"hospital_name": "Hospital Dr. Hernán Henríquez Aravena", "hospital_image_path": null, "comuna_id": 276}}, {"model": "app.hospital", "pk": 157, "fields": {"hospital_name": "Hospital de Toltén", "hospital_image_path": null, "comuna_id": 278}}, {"model": "app.hospital", "pk": 158, "fields": {"hospital_name": "Hospital Dr. Dino Stagno Maccioni", "hospital_image_path": null, "comuna_id": 279}}, {"model": "app.hospital", "pk": 159, "fields": {"hospital_name": "Hospital San José de Victoria", "hospital_image_path": null, "comuna_id": 280}}, {"model": "app.hospital", "pk": 160, "fields": {"hospital_name": "Hospital de Vilcún", "hospital_image_path": null, "comuna_id": 281}}, {"model": "app.hospital", "pk": 161, "fields": {"hospital_name": "Hospital de Villarrica", "hospital_image_path": null, "comuna_id": 282}}, {"model": "app.hospital", "pk": 162, "fields": {"hospital_name": "Hospital de Corral", "hospital_image_path": null, "comuna_id": 283}}, {"model": "app.hospital", "pk": 163, "fields": {"hospital_name": "Hospital Juan Morey", "hospital_image_path": null, "comuna_id": 285}}, {"model": "app.hospital", "pk": 164, "fields": {"hospital_name": "Hospital de Lanco", "hospital_image_path": null, "comuna_id": 287}}, {"model": "app.hospital", "pk": 165, "fields": {"hospital_name": "Hospital de Los Lagos", "hospital_image_path": null, "comuna_id": 288}}, {"model": "app.hospital", "pk": 166, "fields": {"hospital_name": "Hospital de Mariquina", "hospital_image_path": null, "comuna_id": 289}}, {"model": "app.hospital", "pk": 167, "fields": {"hospital_name": "Hospital de Paillaco", "hospital_image_path": null, "comuna_id": 291}}, {"model": "app.hospital", "pk": 168, "fields": {"hospital_name": "Hospital Padre Bernabé de Lucerna", "hospital_image_path": null, "comuna_id": 292}}, {"model": "app.hospital", "pk": 169, "fields": {"hospital_name": "Hospital de Río Bueno", "hospital_image_path": null, "comuna_id": 293}}, {"model": "app.hospital", "pk": 170, "fields": {"hospital_name": "Hospital Clínico Regional", "hospital_image_path": null, "comuna_id": 294}}, {"model": "app.hospital", "pk": 171, "fields": {"hospital_name": "Hospital de Ancud", "hospital_image_path": null, "comuna_id": 295}}, {"model": "app.hospital", "pk": 172, "fields": {"hospital_name": "Hospital de Calbuco", "hospital_image_path": null, "comuna_id": 296}}, {"model": "app.hospital", "pk": 173, "fields": {"hospital_name": "Hospital de Castro", "hospital_image_path": null, "comuna_id": 297}}, {"model": "app.hospital", "pk": 174, "fields": {"hospital_name": "Hospital de Chaitén", "hospital_image_path": null, "comuna_id": 298}}, {"model": "app.hospital", "pk": 175, "fields": {"hospital_name": "Hospital de Fresia", "hospital_image_path": null, "comuna_id": 303}}, {"model": "app.hospital", "pk": 176, "fields": {"hospital_name": "Hospital de Frutillar", "hospital_image_path": null, "comuna_id": 304}}, {"model": "app.hospital", "pk": 177, "fields": {"hospital_name": "Hospital de Futaleufú", "hospital_image_path": null, "comuna_id": 305}}, {"model": "app.hospital", "pk": 178, "fields": {"hospital_name": "Hospital de Llanquihue", "hospital_image_path": null, "comuna_id": 307}}, {"model": "app.hospital", "pk": 179, "fields": {"hospital_name": "Hospital de Maullín", "hospital_image_path": null, "comuna_id": 309}}, {"model": "app.hospital", "pk": 180, "fields": {"hospital_name": "Hospital Base San José de Osorno", "hospital_image_path": null, "comuna_id": 310}}, {"model": "app.hospital", "pk": 181, "fields": {"hospital_name": "Hospital de Palena", "hospital_image_path": null, "comuna_id": 311}}, {"model": "app.hospital", "pk": 182, "fields": {"hospital_name": "Hospital de Puerto Montt", "hospital_image_path": null, "comuna_id": 312}}, {"model": "app.hospital", "pk": 183, "fields": {"hospital_name": "Hospital de Puerto Octay", "hospital_image_path": null, "comuna_id": 313}}, {"model": "app.hospital", "pk": 184, "fields": {"hospital_name": "Hospital de Purranque Dr. Juan Hepp Dubiau", "hospital_image_path": null, "comuna_id": 316}}, {"model": "app.hospital", "pk": 185, "fields": {"hospital_name": "Hospital Comunitario de Queilén", "hospital_image_path": null, "comuna_id": 318}}, {"model": "app.hospital", "pk": 186, "fields": {"hospital_name": "Hospital de Quellón", "hospital_image_path": null, "comuna_id": 319}}, {"model": "app.hospital", "pk": 187, "fields": {"hospital_name": "Hospital Comunitario de Achao", "hospital_image_path": null, "comuna_id": 321}}, {"model": "app.hospital", "pk": 188, "fields": {"hospital_name": "Hospital de Río Negro", "hospital_image_path": null, "comuna_id": 322}}, {"model": "app.hospital", "pk": 189, "fields": {"hospital_name": "Hospital Futa Sruka Lawenche Kunko Mapu Mo", "hospital_image_path": null, "comuna_id": 323}}, {"model": "app.hospital", "pk": 190, "fields": {"hospital_name": "Hospital Pu Mulen Quilacahuín", "hospital_image_path": null, "comuna_id": 324}}, {"model": "app.hospital", "pk": 191, "fields": {"hospital_name": "Hospital de Puerto Aysén", "hospital_image_path": null, "comuna_id": 325}}, {"model": "app.hospital", "pk": 192, "fields": {"hospital_name": "Hospital Dr. Leopoldo Ortega", "hospital_image_path": null, "comuna_id": 326}}, {"model": "app.hospital", "pk": 193, "fields": {"hospital_name": "Hospital Dr. Jorge Ibar", "hospital_image_path": null, "comuna_id": 327}}, {"model": "app.hospital", "pk": 194, "fields": {"hospital_name": "Hospital Lord Cochrane", "hospital_image_path": null, "comuna_id": 328}}, {"model": "app.hospital", "pk": 195, "fields": {"hospital_name": "Hospital Regional", "hospital_image_path": null, "comuna_id": 329}}, {"model": "app.hospital", "pk": 196, "fields": {"hospital_name": "Hospital Naval de Puerto Williams", "hospital_image_path": null, "comuna_id": 336}}, {"model": "app.hospital", "pk": 197, "fields": {"hospital_name": "Hospital Comunitario Cristina Calderón de Puerto Williams", "hospital_image_path": null, "comuna_id": 336}}, {"model": "app.hospital", "pk": 198, "fields": {"hospital_name": "Hospital Dr. Augusto Essmann Burgos", "hospital_image_path": null, "comuna_id": 338}}, {"model": "app.hospital", "pk": 199, "fields": {"hospital_name": "Hospital Dr. Marco Antonio Chamorro", "hospital_image_path": null, "comuna_id": 339}}, {"model": "app.hospital", "pk": 200, "fields": {"hospital_name": "Hospital Clínico de Magallanes Dr. Lautaro Navarro Avaria", "hospital_image_path": null, "comuna_id": 341}}, {"model": "app.hospital", "pk": 201, "fields": {"hospital_name": "Hospital de las Fuerzas Armadas Cirujano Cornelio Guzmán", "hospital_image_path": null, "comuna_id": 341}}]